CoRoT10b,CoRoT-10,1182451522,178,291.063708,0.746143,13.2406,0.0161036,15.22,CoRoT-10 b
CoRoT11b,CoRoT-11,1210474964,150,280.687263,5.937688,2.99433,0.011449,12.939,CoRoT-11 b
CoRoT12b,CoRoT-12,1193276745,154,100.765677,-1.296439,2.828042,0.01744,15.515,CoRoT-12 b
CoRoT16b,CoRoT-16,1238661850,143,278.524691,-6.002595,5.35227,0.0102,15.63,CoRoT-16 b
CoRoT17b,CoRoT-17,1238605428,283,278.699254,-6.612234,3.7681,0.0044,15.46,CoRoT-17 b
CoRoT2b,CoRoT-2,1179358992,136,291.777056,1.383714,1.7429935,0.0275,12.57,CoRoT-2 b
CoRoT8b,CoRoT-8,1179482446,164,291.588518,1.426452,6.21229,0.00651,14.8,CoRoT-8 b
HATP12b,HAT-P-12,1195054289,140,209.389489,43.493534,3.2130598,0.01977,12.84,HAT-P-12 b
HATP16b,HAT-P-16,1247618517,183,9.573181,42.463078,2.77596,0.01147,10.812,HAT-P-16 b
HATP20b,HAT-P-20,1252228733,110,111.916469,24.33663,2.875317,0.009898,11.339,HAT-P-20 b
HATP25b,HAT-P-25,1260514918,169,48.435419,25.197405,3.652836,0.013811,13.19,HAT-P-25 b
HATP28b,HAT-P-28,1281314702,193,13.000766,34.728413,3.257215,0.014719,13.03,HAT-P-28 b
HATP37b,HAT-P-37,1300716976,139,284.296064,51.269138,2.797436,0.01899,13.23,HAT-P-37 b
HATP39b,HAT-P-39,1263268504,251,113.758247,17.830082,3.54387,0.00999,12.422,HAT-P-39 b
HATP9b,HAT-P-9,1194941048,205,110.168529,37.140652,3.92289,0.0117,12.297,HAT-P-9 b
HATS36b,HATS-36,1449171492,207,291.478699,-23.202793,4.1752387,0.014,14.386,HATS-36 b
HATS6b,HATS-6,1387255512,122,88.146797,-19.031656,3.3252725,0.0323,15.16,HATS-6 b
HD209458b,HD209458,1057460704,185,330.794891,18.884319,3.52475,0.0162,7.632,HD209458 b
HD219134b,HD 219134,1428985104,56,348.32074,57.168354,3.092926,0.000358,5.57,HD 219134 b
HD219134c,HD 219134,1458994579,99,348.32074,57.168354,6.76458,0.000318,5.57,HD 219134 c
HD3167b,HD 3167,1452111041,97,8.739684,4.381469,0.959641,0.000294,8.94,HD 3167 b
HD3167c,HD 3167,1452156898,308,8.739684,4.381469,29.8454,0.000946,8.94,HD 3167 c
K2133b,K2-133,1488999576,73,70.148567,25.010006,3.0712,0.00071,14.288,K2-133 b
K2133c,K2-133,1489210432,97,70.148567,25.010006,4.8682,0.00098,14.288,K2-133 c
K2133d,K2-133,1489417249,139,70.148567,25.010006,11.0234,0.0019,14.288,K2-133 d
K230b,K2-30,1423548759,139,52.341961,22.299404,4.098503,0.01603,13.53,K2-30 b
KELT1b,KELT-1,1324218690,165,0.362142,39.383808,1.217514,0.006086,10.701,KELT-1 b
KELT10b,KELT-10,1423797908,224,284.548373,-47.003242,4.1662739,0.01416,10.854,KELT-10 b
KELT11b,KELT-11,1456114730,439,161.70726,-9.399025,4.736529,0.00269,8.037,KELT-11 b
KELT12b,KELT-12,1425257891,345,267.640503,36.570232,5.031623,0.00596,10.59,KELT-12 b
KELT14b,KELT-14,1389111416,131,108.301485,-42.409744,1.7100566,0.01386,11,KELT-14 b
KELT16b,KELT-16,1439397740,149,314.268494,31.661034,0.9689951,0.01146,11.898,KELT-16 b
KELT17b,KELT-17,1437572430,208,125.617523,13.735319,3.0801716,0.00907,9.286,KELT-17 b
KELT18b,KELT-18,1464905804,278,216.524017,59.444275,2.8717518,0.00716,10.117,KELT-18 b
KELT19Ab,KELT-19 A,1442332050,263,111.509499,7.615806,4.6117093,0.01148,9.885,KELT-19 A b
KELT20b,KELT-20,1461503136,214,294.661407,31.219225,3.4741085,0.01309,7.58,KELT-20 b
KELT9b,KELT-9,1426300198,234,307.859802,39.938828,1.4811235,0.00677,7.55,KELT-9 b
Kepler105b,Kepler-105,1242308763,198,287.887325,46.276237,5.4122,0.0006,12.791,Kepler-105 b
Kepler11b,Kepler-11,1296185937,246,297.115123,41.909138,10.3039,0.0003013,14.2,Kepler-11 b
Kepler11c,Kepler-11,1295633210,272,297.115123,41.909138,13.0241,0.0007508,14.2,Kepler-11 c
Kepler11d,Kepler-11,1296552139,335,297.115123,41.909138,22.6845,0.000885,14.2,Kepler-11 d
Kepler11e,Kepler-11,1296647028,249,297.115123,41.909138,31.9996,0.001333,14.2,Kepler-11 e
Kepler11f,Kepler-11,1298647037,385,297.115123,41.909138,46.6888,0.000548,14.2,Kepler-11 f
Kepler11g,Kepler-11,1296527459,568,297.115123,41.909138,118.3807,0.001006,14.2,Kepler-11 g
Kepler130c,Kepler-130,1246533996,366,288.450665,40.245305,27.50868,0.00064,11.529,Kepler-130 c
Kepler15b,Kepler-15,1242583697,209,296.200595,49.140125,4.942782,0.011265,13.758,Kepler-15 b
Kepler1649b,Kepler-1649,1242320822,62,292.503769,41.830421,8.68909,0.001783,17.131,Kepler-1649 b
Kepler1652b,Kepler-1652,1242901757,194,294.366085,49.915058,38.09722,0.000977,15.931,Kepler-1652 b
Kepler1653b,Kepler-1653,1245930898,396,296.457755,41.266024,140.2524,0.000665,15.429,Kepler-1653 b
Kepler1654b,Kepler-1654,1277610201,1379,282.185812,44.434486,1047.8356,0.005096,13.424,Kepler-1654 b
Kepler18b,Kepler-18,1242342451,124,298.079439,44.746321,3.504725,0.000254,13.549,Kepler-18 b
Kepler18c,Kepler-18,1259675803,20,298.079439,44.746321,7.64159,0.0022866,13.549,Kepler-18 c
Kepler18d,Kepler-18,1259850322,220,298.079439,44.746321,14.85888,0.003265,13.549,Kepler-18 d
Kepler21b,Kepler-21,1400642842,215,287.361816,38.714016,2.78578,6.22E-05,8.25,Kepler-21 b
Kepler31b,Kepler-31,1244551997,299,294.023014,45.853081,20.8613,0.001895,15.237,Kepler-31 b
Kepler31c,Kepler-31,1242999259,361,294.023014,45.853081,42.6318,0.001729,15.237,Kepler-31 c
Kepler31d,Kepler-31,1242455328,495,294.023014,45.853081,87.6451,0.000959,15.237,Kepler-31 d
Kepler32b,Kepler-32,1243067731,126,297.842398,46.574281,5.90124,0.00165,16.452,Kepler-32 b
Kepler32c,Kepler-32,1243281269,139,297.842398,46.574281,8.7522,0.001453,16.452,Kepler-32 c
Kepler32d,Kepler-32,1244216074,178,297.842398,46.574281,22.7802,0.002181,16.452,Kepler-32 d
Kepler32e,Kepler-32,1242352814,76,297.842398,46.574281,2.896,0.000671,16.452,Kepler-32 e
Kepler32f,Kepler-32,1242260971,56,297.842398,46.574281,0.74296,0.000224,16.452,Kepler-32 f
Kepler33b,Kepler-33,1242198413,292,289.077548,46.005222,5.66793,8.68E-05,13.988,Kepler-33 b
Kepler33c,Kepler-33,1243212780,402,289.077548,46.005222,13.17562,0.0002977,13.988,Kepler-33 c
Kepler33d,Kepler-33,1247181175,480,289.077548,46.005222,21.77596,0.0008314,13.988,Kepler-33 d
Kepler33e,Kepler-33,1242534479,533,289.077548,46.005222,31.7844,0.000467,13.988,Kepler-33 e
Kepler33f,Kepler-33,1245704024,592,289.077548,46.005222,41.02902,0.000579,13.988,Kepler-33 f
Kepler411b,Kepler-411,1242652912,132,287.605582,49.523262,3.00516,0.00069,12.231,Kepler-411 b
Kepler423b,Kepler-423,1242328157,163,292.855742,46.391178,2.6843285,0.015872,14.29,Kepler-423 b
Kepler452b,Kepler-452,1258006770,637,296.003688,44.277561,384.843,0.000199,13.426,Kepler-452 b
Kepler50b,Kepler-50,1243019248,227,288.100873,50.033718,7.81254,9.90E-05,10.421,Kepler-50 b
Kepler50c,Kepler-50,1242640665,123,288.100873,50.033718,9.37647,0.000159,10.421,Kepler-50 c
Kepler62b,Kepler-62,1245574433,138,283.212747,45.349865,5.714932,0.00043,13.725,Kepler-62 b
Kepler62c,Kepler-62,1242439612,181,283.212747,45.349865,12.4417,7.00E-05,13.725,Kepler-62 c
Kepler62d,Kepler-62,1246427983,178,283.212747,45.349865,18.16406,0.00092,13.725,Kepler-62 d
Kepler62e,Kepler-62,1243793651,415,283.212747,45.349865,122.3874,0.0007,13.725,Kepler-62 e
Kepler62f,Kepler-62,1281748717,447,283.212747,45.349865,267.291,0.00042,13.725,Kepler-62 f
Kepler65b,Kepler-65,1242339975,184,288.6887,41.151173,2.15491,8.50E-05,11.018,Kepler-65 b
Kepler65c,Kepler-65,1242212306,235,288.6887,41.151173,5.859944,0.000282,11.018,Kepler-65 c
Kepler65d,Kepler-65,1242726201,245,288.6887,41.151173,8.13123,9.80E-05,11.018,Kepler-65 d
Kepler77b,Kepler-77,1253517518,176,289.607956,44.345425,3.57878087,0.009849,13.938,Kepler-77 b
NGTS3Ab,NGTS-3 A,1471618367,137,94.444794,-35.706394,1.6753728,0.0268,14.642,NGTS-3 A b
PH2b,PH2,1262161626,630,289.76359,51.962601,282.5255,0.009882,12.62,PH2 b
Qatar1b,Qatar-1,1351863528,99,303.381672,65.162041,1.4200242,0.0214,12.843,Qatar-1 b
Qatar3b,Qatar-3,1444166341,186,359.152008,36.212971,2.5079204,0.00789,12.88,Qatar-3 b
Qatar4b,Qatar-4,1473139791,128,4.859266,44.027641,1.8053564,0.01902,13.6,Qatar-4 b
Qatar5b,Qatar-5,1447130676,174,7.053898,42.061333,2.8792319,0.01126,12.82,Qatar-5 b
TRAPPIST1b,TRAPPIST-1,1445904408,36,346.622013,-5.041274,1.51087081,0.007266,18.8,TRAPPIST-1 b
TRAPPIST1c,TRAPPIST-1,1442473278,42,346.622013,-5.041274,2.4218233,0.00687,18.8,TRAPPIST-1 c
TRAPPIST1d,TRAPPIST-1,1475938765,49,346.622013,-5.041274,4.04961,0.00367,18.8,TRAPPIST-1 d
TRAPPIST1e,TRAPPIST-1,1475094994,57,346.622013,-5.041274,6.099615,0.00519,18.8,TRAPPIST-1 e
TRAPPIST1f,TRAPPIST-1,1476046881,62,346.622013,-5.041274,9.20669,0.00673,18.8,TRAPPIST-1 f
TRAPPIST1g,TRAPPIST-1,1475524134,68,346.622013,-5.041274,12.35294,0.00782,18.8,TRAPPIST-1 g
TRAPPIST1h,TRAPPIST-1,1475282297,75,346.622013,-5.041274,18.767,0.00346,18.8,TRAPPIST-1 h
WASP10b,WASP-10,1216208813,133,348.992912,31.462852,3.0927616,0.02525,12.7,WASP-10 b
WASP103b,WASP-103,1371344737,155,249.314868,7.183352,0.925542,0.01195,12.1,WASP-103 b
WASP104b,WASP-104,1366724841,105,160.602432,7.435026,1.7554137,0.01474,11.12,WASP-104 b
WASP105b,WASP-105,1383479914,223,24.167667,-50.659027,7.87288,0.012,12.1,WASP-105 b
WASP107b,WASP-107,1376080121,165,188.386871,-10.146149,5.72149,0.0217,11.471,WASP-107 b
WASP113b,WASP-113,1435061483,257,224.872776,46.960117,4.54216875,0.00809,11.771,WASP-113 b
WASP114b,WASP-114,1389327367,166,327.664437,10.463482,1.5487743,0.00927,12.743,WASP-114 b
WASP118b,WASP-118,1399698501,288,19.550543,2.702824,4.0460435,0.00755,11.02,WASP-118 b
WASP120b,WASP-120,1398976826,213,62.616051,-45.89822,3.6112706,0.00655,11,WASP-120 b
WASP121b,WASP-121,1386560002,173,107.600275,-39.097393,1.2749255,0.01551,10.44,WASP-121 b
WASP123b,WASP-123,1404657190,185,289.478676,-32.86113,2.9776412,0.0111,11.1,WASP-123 b
WASP127b,WASP-127,1439523495,258,160.55867,-3.835064,4.178062,0.01037,10.15,WASP-127 b
WASP130b,WASP-130,1411220065,223,203.105988,-42.475273,11.55098,0.00916,11.1,WASP-130 b
WASP131b,WASP-131,1411105864,229,210.193542,-30.583567,5.322023,0.00665,10.1,WASP-131 b
WASP132b,WASP-132,1391959590,184,217.609131,-46.15918,7.133521,0.0146,12.4,WASP-132 b
WASP135b,WASP-135,1265194572,99,267.284974,29.879107,1.4013794,0.0194,13.28,WASP-135 b
WASP136b,WASP-136,1398754876,327,0.32575,-8.926325,5.215357,0.00411,9.98,WASP-136 b
WASP138b,WASP-138,1446253335,226,41.639084,-0.463922,3.634433,0.00683,11.81,WASP-138 b
WASP139b,WASP-139,1435037844,169,49.562229,-41.302147,5.924262,0.0107,12.4,WASP-139 b
WASP140b,WASP-140,1410464405,90,60.38562,-20.451092,2.2359835,0.0205,11.1,WASP-140 b
WASP141b,WASP-141,1419726554,215,71.824409,-17.115154,3.310651,0.0083,12.4,WASP-141 b
WASP142b,WASP-142,1418707185,160,140.506393,-23.946169,2.052868,0.00916,12.3,WASP-142 b
WASP157b,WASP-157,1440310692,116,201.655197,-8.31756,3.9516205,0.00891,12.91,WASP-157 b
WASP20b,WASP-20,1307066520,204,5.160559,-23.935728,4.8996284,0.01164,10.68,WASP-20 b
WASP21b,WASP-21,1223032781,201,347.492721,18.396086,4.322482,0.01082,11.58,WASP-21 b
WASP28b,WASP-28,1270325181,194,353.616152,-1.580064,3.40883,0.013,12.03,WASP-28 b
WASP31b,WASP-31,1261883539,158,169.439021,-19.054773,3.4059096,0.01615,11.7,WASP-31 b
WASP37b,WASP-37,1274491031,187,221.943987,1.064966,3.577469,0.01427,12.704,WASP-37 b
WASP39b,WASP-39,1274867459,168,217.326702,-3.444534,4.055259,0.0211,12.11,WASP-39 b
WASP43b,WASP-43,1290932086,69,154.908372,-9.806276,0.813475,0.0255,12.4,WASP-43 b
WASP44b,WASP-44,1282766043,134,3.903165,-11.938115,2.4238039,0.01588,12.9,WASP-44 b
WASP5b,WASP-5,1191148989,142,359.348991,-41.277149,1.6284279,0.0118,12.3,WASP-5 b
WASP52b,WASP-52,1313810818,108,348.494748,8.761262,1.7497798,0.0271,12,WASP-52 b
WASP59b,WASP-59,1317030157,146,349.623126,24.88929,7.919585,0.0169,13,WASP-59 b
WASP64b,WASP-64,1295572466,143,101.115041,-32.858402,1.5732918,0.01522,12.29,WASP-64 b
WASP65b,WASP-65,1341198496,164,133.324304,8.523038,2.3114243,0.0128,11.9,WASP-65 b
WASP70Ab,WASP-70 A,1308867900,200,315.476951,-13.433218,3.7130203,0.0097,10.79,WASP-70 A b
WASP75b,WASP-75,1333041909,118,342.385707,-10.67556,2.484193,0.0107,11.45,WASP-75 b
WASP76b,WASP-76,1340952030,221,26.632746,2.700539,1.809886,0.01189,9.5,WASP-76 b
WASP80b,WASP-80,1373749685,127,303.167407,-2.144208,3.06785234,0.02937,11.87,WASP-80 b
WASP83b,WASP-83,1325489633,201,190.152085,-19.284243,4.971252,0.0104,12.9,WASP-83 b
WASP84b,WASP-84,1183554596,164,131.107099,1.860033,8.5234865,0.01678,10.83,WASP-84 b
WASP85Ab,WASP-85 A,1404856982,155,175.908386,6.563726,2.6556777,0.0187,10.72,WASP-85 A b
WASP89b,WASP-89,1349522198,147,313.899962,-18.971106,3.3564227,0.0149,13.1,WASP-89 b
WASP90b,WASP-90,1351986682,201,315.531971,7.056235,3.916243,0.0071,11.7,WASP-90 b
WASP91b,WASP-91,1357358705,140,357.845367,-70.152832,2.798581,0.015,12,WASP-91 b
WASP92b,WASP-92,1364577905,166,246.692108,51.041115,2.1746742,0.01254,13.18,WASP-92 b
WASP93b,WASP-93,1338510325,134,9.458792,51.288761,2.7325321,0.01097,10.97,WASP-93 b
XO5b,XO-5,1406311023,187,116.716527,39.094578,4.1877558,0.0108,12.13,XO-5 b
EPIC201182911,EPIC 201182911,1401714108,135,172.710419,-4.507613,0.99656225,0.355,16.341,EPIC 201182911
EPIC201205469,EPIC 201205469,1401909847,128,169.117142,-3.97544,3.471285,0.00638,15.596,EPIC 201205469
EPIC201270176,EPIC 201270176,1402337898,185,170.132599,-2.902582,1.57771549,0.01823,12.751,EPIC 201270176
EPIC201270176,EPIC 201270176,1401656062,181,170.132599,-2.902582,1.5778643,0.00891,12.751,EPIC 201270176
EPIC201270464,EPIC 201270464,1402338125,179,170.133484,-2.898169,1.57771549,0.00875,9.116,EPIC 201270464
EPIC201291843,EPIC 201291843,1402769763,97,178.420837,-2.571776,40.70206194,0.00536,14.434,EPIC 201291843
EPIC201345483,EPIC 201345483,1401729318,103,169.632874,-1.77413,1.7292591,0.0237,15.78,EPIC 201345483
EPIC201407812,EPIC 201407812,1401826723,407,174.044144,-0.840699,2.8268121,0.141,11.966,EPIC 201407812
EPIC201488365,EPIC 201488365,1401802834,443,168.187897,0.348009,3.3643115,0.352,8.455,EPIC 201488365
EPIC201505350,EPIC 201505350,1401910333,198,174.960312,0.603575,7.9194979,0.00665,13.002,EPIC 201505350
EPIC201505350,EPIC 201505350,1403278658,204,174.960312,0.603575,7.91952314,0.00667,13.002,EPIC 201505350
EPIC201534540,EPIC 201534540,1402005621,215,171.651169,1.055233,2.72273204,0.01494,8.163,EPIC 201534540
EPIC201569483,EPIC 201569483,1401905617,154,167.171295,1.577513,5.7968861,0.0943,12.329,EPIC 201569483
EPIC201596733,EPIC 201596733,1402053047,112,170.679092,1.993276,2.89607106,0.00383,15.143,EPIC 201596733
EPIC201635569,EPIC 201635569,1401744485,151,178.057022,2.594245,8.3688168,0.0118,16.31,EPIC 201635569
EPIC201637175,EPIC 201637175,1401653617,43,169.482819,2.61907,0.38107852,0.00558,15.597,EPIC 201637175
EPIC201649426,EPIC 201649426,1402598815,188,177.234268,2.807619,27.770388,0.106,13.529,EPIC 201649426
EPIC201683540,EPIC 201683540,1401809612,79,169.214966,3.363874,1.9611469,0.00727,15.534,EPIC 201683540
EPIC201705526,EPIC 201705526,1403473168,271,172.385803,3.732106,18.10220826,0.0078,9.9,EPIC 201705526
EPIC201779067,EPIC 201779067,1402495810,404,168.542694,4.988131,27.27048734,0.03413,11.505,EPIC 201779067
EPIC201779067,EPIC 201779067,1402498656,393,168.542694,4.988131,27.242912,0.037,11.505,EPIC 201779067
EPIC201862715,EPIC 201862715,1402331231,181,175.908386,6.563726,2.65662719,0.01459,10.72,EPIC 201862715
EPIC201862715,EPIC 201862715,1401644635,155,175.908386,6.563726,2.6556852,0.0149,10.72,EPIC 201862715
EPIC201912552,EPIC 201912552,1403879828,178,172.560455,7.588391,32.947328,0.00311,13.496,EPIC 201912552
EPIC201912552,EPIC 201912552,1403879137,226,172.560455,7.588391,32.92801934,0.00354,13.496,EPIC 201912552
EPIC202634963,EPIC 202634963,1411131006,216,242.897903,-28.934635,28.707623,0.0357,12.246,EPIC 202634963
EPIC202688980,EPIC 202688980,1409104917,150,244.220779,-28.730322,1.4556637,0.02958,12.677,EPIC 202688980
EPIC202843107,EPIC 202843107,1409084874,409,245.547791,-28.161823,2.1989041,0.324,12.099,EPIC 202843107
EPIC203294831,EPIC 203294831,1409168524,192,239.879211,-26.604366,1.85872487,0.04143,11.828,EPIC 203294831
EPIC203294831,EPIC 203294831,1409007312,201,239.879211,-26.604366,1.8590179,0.0444,11.828,EPIC 203294831
EPIC203753577,EPIC 203753577,1408972000,137,252.861847,-25.053404,3.4007758,0.00331,11.2,EPIC 203753577
EPIC203771098,EPIC 203771098,1410737958,401,242.573715,-24.990332,42.363493,0.0044,11.275,EPIC 203771098
EPIC203867512,EPIC 203867512,1410988813,457,253.247314,-24.626259,28.465633,0.0309,12.057,EPIC 203867512
EPIC203942067,EPIC 203942067,1409007953,243,243.824478,-24.319227,1.6398934,0.146,12.344,EPIC 203942067
EPIC204057095,EPIC 204057095,1410573683,123,242.753174,-23.840353,23.210585,0.00419,11.79,EPIC 204057095
EPIC204129699,EPIC 204129699,1408953935,56,245.44075,-23.547865,1.2578493,0.00629,10.803,EPIC 204129699
EPIC204129699,EPIC 204129699,1409062734,55,245.44075,-23.547865,1.2578332,0.00716,10.803,EPIC 204129699
EPIC204312847,EPIC 204312847,1409933340,452,250.413696,-22.828453,24.193613,0.106,11.429,EPIC 204312847
EPIC204576757,EPIC 204576757,1409226340,285,247.157608,-21.767506,23.277669,0.198,14.062,EPIC 204576757
EPIC204649811,EPIC 204649811,1409179028,161,244.820694,-21.460026,2.64594828,0.01124,12.297,EPIC 204649811
EPIC204649811,EPIC 204649811,1408951094,163,244.820694,-21.460026,2.6454165,0.012,12.297,EPIC 204649811
EPIC204658292,EPIC 204658292,1410395608,177,243.706879,-21.42363,20.98296043,0.00338,14.921,EPIC 204658292
EPIC204763194,EPIC 204763194,1409224449,159,239.941864,-20.969925,2.32046168,0.00538,10.015,EPIC 204763194
EPIC205050711,EPIC 205050711,1409322582,452,252.66362,-19.643932,4.30221683,0.02613,10.818,EPIC 205050711
EPIC205064326,EPIC 205064326,1409104271,258,251.888428,-19.579313,8.0241306,0.00488,13.379,EPIC 205064326
EPIC205064326,EPIC 205064326,1409103528,252,251.888428,-19.579313,8.02678456,0.00472,13.379,EPIC 205064326
EPIC205071984,EPIC 205071984,1409473667,214,252.426086,-19.542822,8.9919156,0.00375,12.307,EPIC 205071984
EPIC205071984,EPIC 205071984,1409476001,165,252.426086,-19.542822,8.99002105,0.00344,12.307,EPIC 205071984
EPIC205145448,EPIC 205145448,1409591852,135,248.448639,-19.17779,16.63091654,0.04087,14.289,EPIC 205145448
EPIC205145448,EPIC 205145448,1409591707,141,248.448639,-19.17779,16.63237,0.0433,14.289,EPIC 205145448
EPIC205148699,EPIC 205148699,1409088979,282,253.160477,-19.16165,4.37983009,0.0343,12.621,EPIC 205148699
EPIC205148699,EPIC 205148699,1409090371,278,253.160477,-19.16165,4.3772986,0.0384,12.621,EPIC 205148699
EPIC205463986,EPIC 205463986,1409039698,242,241.527634,-17.417355,2.3240489,0.154,11.134,EPIC 205463986
EPIC205686202,EPIC 205686202,1409146254,235,246.643036,-15.792386,13.156974,0.00778,14.465,EPIC 205686202
EPIC205924614,EPIC 205924614,1416357868,124,333.751923,-17.250708,2.8492818,0.00389,13.546,EPIC 205924614
EPIC205924614,EPIC 205924614,1416603677,125,333.751923,-17.250708,2.84947127,0.00372,13.546,EPIC 205924614
EPIC205996447,EPIC 205996447,1416316349,119,339.726624,-14.925673,0.80032756,0.104,15.733,EPIC 205996447
EPIC206038483,EPIC 206038483,1416484280,196,338.606171,-13.731702,3.00234671,0.0044,12.789,EPIC 206038483
EPIC206038483,EPIC 206038483,1416484386,186,338.606171,-13.731702,3.0026376,0.00479,12.789,EPIC 206038483
EPIC206061524,EPIC 206061524,1416853970,145,335.057373,-13.114627,5.87913354,0.00841,14.893,EPIC 206061524
EPIC206061524,EPIC 206061524,1416345894,151,335.057373,-13.114627,5.8796123,0.00922,14.893,EPIC 206061524
EPIC206103150,EPIC 206103150,1416562821,227,331.203033,-12.018893,4.15810694,0.01142,11.986,EPIC 206103150
EPIC206103150,EPIC 206103150,1416562679,217,331.203033,-12.018893,4.1591739,0.0127,11.986,EPIC 206103150
EPIC206114294,EPIC 206114294,1416314182,68,332.344208,-11.734278,3.2920598,0.00642,16.533,EPIC 206114294
EPIC206135075,EPIC 206135075,1416549175,353,337.940613,-11.182043,54.976021,0.0646,11.929,EPIC 206135075
EPIC206135267,EPIC 206135267,1416311687,160,333.294769,-11.177358,2.5730187,0.052,9.991,EPIC 206135267
EPIC206152015,EPIC 206152015,1416455168,131,342.34137,-10.743431,0.80858305,0.01022,11.353,EPIC 206152015
EPIC206154641,EPIC 206154641,1416534565,115,342.385681,-10.675551,2.48450535,0.00879,11.457,EPIC 206154641
EPIC206154641,EPIC 206154641,1416320186,118,342.385681,-10.675551,2.4841939,0.0092,11.457,EPIC 206154641
EPIC206155547,EPIC 206155547,1416808883,365,333.606323,-10.652785,24.3949924,0.02305,14.713,EPIC 206155547
EPIC206155547,EPIC 206155547,1416809470,363,333.606323,-10.652785,24.387407,0.0239,14.713,EPIC 206155547
EPIC206175552,EPIC 206175552,1416673954,73,339.511536,-10.205107,6.57986525,0.00561,13.512,EPIC 206175552
EPIC206311743,EPIC 206311743,1416620403,427,335.1185,-8.060535,4.31444335,0.03877,13.209,EPIC 206311743
EPIC206318379,EPIC 206318379,1416331818,59,335.62439,-7.955366,2.2604439,0.00642,16.061,EPIC 206318379
EPIC206500801,EPIC 206500801,1416767852,268,334.492249,-4.864619,8.15306759,0.02292,12.177,EPIC 206500801
EPIC206543223,EPIC 206543223,1417065489,192,336.011169,-3.95439,17.80345864,0.04843,11.587,EPIC 206543223
EPIC206543223,EPIC 206543223,1417064213,189,336.011169,-3.95439,17.812866,0.0501,11.587,EPIC 206543223
EPIC210414957,EPIC 210414957,1423409473,131,64.325264,13.804842,0.96997227,0.00549,13.058,EPIC 210414957
EPIC210472483,EPIC 210472483,1423414953,279,64.285896,14.936378,1.1430018,0.04202,13.547,EPIC 210472483
EPIC210513446,EPIC 210513446,1423429674,111,58.018524,15.635284,1.14907861,0.02624,13.979,EPIC 210513446
EPIC210576234,EPIC 210576234,1424224187,295,53.772568,16.61537,15.97700259,0.0299,11.343,EPIC 210576234
EPIC210598340,EPIC 210598340,1423480349,346,56.868729,16.941629,3.73478175,0.01239,12.631,EPIC 210598340
EPIC210744674,EPIC 210744674,1423730638,189,65.859016,19.027494,25.2077883,0.0333,13.319,EPIC 210744674
EPIC210925707,EPIC 210925707,1423408524,295,57.120544,21.797461,1.6865884,0.04591,9.427,EPIC 210925707
EPIC210957318,EPIC 210957318,1423548858,144,52.341961,22.299404,4.09803132,0.01702,13.53,EPIC 210957318
EPIC211089792,EPIC 211089792,1423602551,130,62.670647,24.402042,3.2591993,0.01762,12.559,EPIC 211089792
EPIC211147528,EPIC 211147528,1423483928,145,59.647171,25.38859,2.34951024,0.00817,12.05,EPIC 211147528
EPIC211169300,EPIC 211169300,1423890619,263,58.490967,25.797325,16.43831081,0.01529,12.822,EPIC 211169300
EPIC211342524,EPIC 211342524,1430944238,35,128.098694,10.677239,14.449,0.091939,12.422,EPIC 211342524
EPIC211342524,EPIC 211342524,1430938301,217,128.098694,10.677239,14.4518248,0.04465,12.422,EPIC 211342524
EPIC211399359,EPIC 211399359,1430254930,119,128.067139,11.630727,3.115,0.023415,14.636,EPIC 211399359
EPIC211399359,EPIC 211399359,1430523266,142,128.067139,11.630727,3.11491262,0.02698,14.636,EPIC 211399359
EPIC211418729,EPIC 211418729,1430157902,203,127.882965,11.922265,11.391,0.013265,14.556,EPIC 211418729
EPIC211418729,EPIC 211418729,1431140924,263,127.882965,11.922265,11.38576954,0.0147,14.556,EPIC 211418729
EPIC211424769,EPIC 211424769,1430522739,62,128.852676,12.01165,5.176,0.003485,9.394,EPIC 211424769
EPIC211442297,EPIC 211442297,1431611603,220,126.553444,12.281936,20.27362337,0.01666,13.362,EPIC 211442297
EPIC211442297,EPIC 211442297,1431612884,188,126.553444,12.281936,20.272,0.014508,13.362,EPIC 211442297
EPIC211509553,EPIC 211509553,1431116881,176,135.01976,13.273871,20.359,0.033123,16.578,EPIC 211509553
EPIC211578235,EPIC 211578235,1430823367,90,135.061432,14.23756,11.00357542,0.0078,14.56,EPIC 211578235
EPIC211713099,EPIC 211713099,1430968589,210,125.223885,16.090946,8.56394776,0.00524,13.827,EPIC 211713099
EPIC211713099,EPIC 211713099,1430230005,178,125.223885,16.090946,8.562,0.004581,13.827,EPIC 211713099
EPIC211719484,EPIC 211719484,1430350478,101,123.481888,16.178066,0.36091387,0.00739,12.668,EPIC 211719484
EPIC211733267,EPIC 211733267,1430559144,93,130.009415,16.372406,8.65871336,0.00873,12.398,EPIC 211733267
EPIC211733267,EPIC 211733267,1430560062,65,130.009415,16.372406,8.658,0.005656,12.398,EPIC 211733267
EPIC211770867,EPIC 211770867,1430804723,380,123.022652,16.903006,27.693,0.018421,12.275,EPIC 211770867
EPIC211804579,EPIC 211804579,1430364447,240,129.06778,17.38166,1.52317871,0.00734,11.359,EPIC 211804579
EPIC211814733,EPIC 211814733,1430640781,142,132.667404,17.524891,14.71,0.004414,11.206,EPIC 211814733
EPIC211818569,EPIC 211818569,1430440470,106,126.936722,17.579397,5.186,0.010779,13.319,EPIC 211818569
EPIC211818569,EPIC 211818569,1430439801,128,126.936722,17.579397,5.185972,0.01263,13.319,EPIC 211818569
EPIC211886472,EPIC 211886472,1431202885,85,137.132538,18.528543,19.64,0.005501,11.275,EPIC 211886472
EPIC211886472,EPIC 211886472,1431202124,139,137.132538,18.528543,19.63366256,0.00682,11.275,EPIC 211886472
EPIC211929937,EPIC 211929937,1430339518,158,129.178452,19.173813,3.47701312,0.02062,14.434,EPIC 211929937
EPIC211929937,EPIC 211929937,1430340428,132,129.178452,19.173813,3.477,0.017941,14.434,EPIC 211929937
EPIC211987231,EPIC 211987231,1431759962,135,137.382996,20.048244,17.04066667,0.01938,11.272,EPIC 211987231
EPIC212110007,EPIC 212110007,1430536253,194,133.310974,22.218977,16.7004351,0.03552,14.518,EPIC 212110007
EPIC212110888,EPIC 212110888,1430507262,148,127.578773,22.235909,2.99529334,0.00731,11.447,EPIC 212110888
EPIC212110888,EPIC 212110888,1430249178,118,127.578773,22.235909,2.996,0.006237,11.447,EPIC 212110888
EPIC212300977,EPIC 212300977,1437858690,208,203.758102,-17.50355,4.46659676,0.01529,11.753,EPIC 212300977
EPIC212300977,EPIC 212300977,1437088135,185,203.758102,-17.50355,4.466,0.015619,11.753,EPIC 212300977
EPIC212315941,EPIC 212315941,1437610755,123,203.087265,-17.061192,12.9348816,0.01516,14.722,EPIC 212315941
EPIC212351026,EPIC 212351026,1437534972,429,201.686874,-16.10515,2.55068936,0.00828,15.506,EPIC 212351026
EPIC212351405,EPIC 212351405,1437534339,357,201.662933,-16.095001,2.55234671,0.0063,14.325,EPIC 212351405
EPIC212499835,EPIC 212499835,1437125740,331,207.418625,-12.738137,6.883,0.004417,16.447,EPIC 212499835
EPIC212554013,EPIC 212554013,1437073841,112,207.078384,-11.588979,3.588,0.012649,15.037,EPIC 212554013
EPIC212570977,EPIC 212570977,1437378080,212,205.901398,-11.22357,8.853,0.024303,14.082,EPIC 212570977
EPIC212570977,EPIC 212570977,1438142366,263,205.901398,-11.22357,8.85007649,0.02597,14.082,EPIC 212570977
EPIC212572439,EPIC 212572439,1436860904,90,204.440079,-11.192574,2.581,0.003992,13.176,EPIC 212572439
EPIC212572439,EPIC 212572439,1437529077,114,204.440079,-11.192574,2.58166013,0.00499,13.176,EPIC 212572439
EPIC212601505,EPIC 212601505,1437487785,74,202.641663,-10.555388,0.72436144,0.03564,15.691,EPIC 212601505
EPIC212688920,EPIC 212688920,1437064490,121,203.013565,-8.53148,62.841,0.053463,14.18,EPIC 212688920
EPIC212697709,EPIC 212697709,1436897448,84,201.655197,-8.31756,3.952,0.006205,12.914,EPIC 212697709
EPIC212697709,EPIC 212697709,1437579501,111,201.655197,-8.31756,3.9516956,0.0075,12.914,EPIC 212697709
EPIC212705192,EPIC 212705192,1437012354,90,202.605438,-8.130262,2.268,0.004633,12.201,EPIC 212705192
EPIC212705192,EPIC 212705192,1437597981,148,202.605438,-8.130262,2.2688499,0.00779,12.201,EPIC 212705192
EPIC212756297,EPIC 212756297,1436881991,90,207.655869,-6.804004,1.337,0.031165,13.417,EPIC 212756297
EPIC212756297,EPIC 212756297,1437574559,110,207.655869,-6.804004,1.33711405,0.03217,13.417,EPIC 212756297
